doc_id,doc_name,doc_email,slot_avail
0,Shivam Lahoti,shivam@gmail.com,0-0-1-1-1-1-1-1-0-0
1,Chinmay Jain,chinmay@gmail.com,0-0-0-0-1-1-1-1-1-1
2,Saptarshi Mondal,saptarshi@gmail.com,1-1-0-0-1-1-1-1-0-0
3,Sapna Pabbi,pabbi@gmail.com,1-0-0-1-1-1-1-1-0-0
4,Smith Patel,smithpatel@gmail.com,0-0-1-1-1-1-1-1-0-0
5,Atharva Nadkar,anadkar@gmail.com,1-1-1-1-0-0-1-1-0-0